[{"model": "app.movie", "pk": 1, "fields": {"title": "Avengers", "description": "Grupa superbohaterów, na czele z Thorem, Iron Manem i Hulkiem, łączy siły, by obronić Ziemię przed inwazją kosmitów.", "launch": "2012-04-12", "lenght": 142, "genre": "Superhero", "director": "Joss Whedon", "poster": "posters/7611932.3.jpg", "keywords": "avengers superhero joss whedon marvel"}}, {"model": "app.movie", "pk": 2, "fields": {"title": "Loki", "description": "Po kradzieży Tesseraktu Loki podróżuje w czasie zmieniając historię ludzkości uwięziony we własnym thrillerze kryminalnym.", "launch": "2021-06-09", "lenght": 54, "genre": "Superhero", "director": "Kate Herron", "poster": "posters/ewxm7xewuasgvje-720x1066_9xmf.jpg", "keywords": "loki superhero kate Herron"}}, {"model": "app.post", "pk": 1, "fields": {"title": "Najlepsza część!", "contents": "Aż postanowiłem to napisać na forum.", "date": "2021-06-08T10:36:55.276Z", "movie": 1, "parent": null, "user": 2}}, {"model": "app.post", "pk": 2, "fields": {"title": null, "contents": "@_mod: Nie wydaje mi się.", "date": "2021-06-08T11:20:55.527Z", "movie": null, "parent": 1, "user": 3}}, {"model": "app.post", "pk": 3, "fields": {"title": "Wcale nie!!!", "contents": "Okropieństwo, 1/10, nigdy więcej.", "date": "2021-06-08T11:21:22.491Z", "movie": 1, "parent": null, "user": 3}}, {"model": "app.post", "pk": 4, "fields": {"title": null, "contents": "@_user: Jesteś pewny?", "date": "2021-06-08T12:31:14.298Z", "movie": null, "parent": 3, "user": 1}}, {"model": "app.post", "pk": 5, "fields": {"title": null, "contents": "@_user: Dlaczego?", "date": "2021-06-08T12:36:03.235Z", "movie": null, "parent": 2, "user": 1}}, {"model": "app.post", "pk": 6, "fields": {"title": null, "contents": "@_mod: Wspaniała opinia.", "date": "2021-06-08T12:36:12.548Z", "movie": null, "parent": 1, "user": 1}}, {"model": "app.post", "pk": 7, "fields": {"title": null, "contents": "@_admin: Bo to dziwne zdanie.", "date": "2021-06-08T12:39:09.124Z", "movie": null, "parent": 4, "user": 1}}, {"model": "app.post", "pk": 8, "fields": {"title": null, "contents": "@_user: Nie był jakiś najlepszy, ale z pewnością trafia do moich ulubionych.", "date": "2021-06-08T12:46:48.265Z", "movie": null, "parent": 3, "user": 4}}, {"model": "app.post", "pk": 9, "fields": {"title": null, "contents": "@_admin: Prawda", "date": "2021-06-08T12:47:02.769Z", "movie": null, "parent": 7, "user": 4}}, {"model": "app.post", "pk": 10, "fields": {"title": "Wyczekuje mocno", "contents": "Kocham Lokiego <3", "date": "2021-06-08T12:56:04.847Z", "movie": 2, "parent": null, "user": 4}}, {"model": "app.opinion", "pk": 1, "fields": {"rate": 7, "is_favourite": true, "want_to_watch": false, "contents": "Najlepsza część.", "date": "2021-06-08T10:36:36.389Z", "movie": 1, "user": 2}}, {"model": "app.opinion", "pk": 2, "fields": {"rate": 1, "is_favourite": false, "want_to_watch": false, "contents": "P O R A Ż K A ...", "date": "2021-06-08T11:21:43.014Z", "movie": 1, "user": 3}}, {"model": "app.opinion", "pk": 3, "fields": {"rate": 6, "is_favourite": true, "want_to_watch": false, "contents": "Nie najgorzej.", "date": "2021-06-08T11:24:36.235Z", "movie": 1, "user": 4}}, {"model": "app.opinion", "pk": 9, "fields": {"rate": 5, "is_favourite": false, "want_to_watch": false, "contents": "Ujdzie ujdzie", "date": "2021-06-08T12:06:56.267Z", "movie": 1, "user": 1}}, {"model": "app.opinion", "pk": 10, "fields": {"rate": null, "is_favourite": null, "want_to_watch": true, "contents": "Brak opinii.", "date": "2021-06-08T12:56:46.731Z", "movie": 2, "user": 4}}, {"model": "app.opinion", "pk": 11, "fields": {"rate": 10, "is_favourite": false, "want_to_watch": false, "contents": "Brak opinii.", "date": "2021-06-08T13:08:57.879Z", "movie": 2, "user": 1}}, {"model": "app.photo", "pk": 1, "fields": {"img": "images/15-Best-Action-Scenes-In-The-Marvel-Cinematic-Universe.jpg", "description": "Stand-off pomiędzy Starkiem, Thorem a Kapitanem", "movie": 1}}, {"model": "app.photo", "pk": 2, "fields": {"img": "images/scarlett-johansson-black-widow-15-million.jpg", "description": "Black Widow podczas bitwy o Nowy Jork", "movie": 1}}, {"model": "app.photo", "pk": 3, "fields": {"img": "images/Loki.jpg", "description": "Loki prezydent", "movie": 2}}, {"model": "app.photo", "pk": 4, "fields": {"img": "images/loki-hiddlestone-wilson-tva-disney-serial.jpg", "description": "Loki i Mobius", "movie": 2}}, {"model": "app.photo", "pk": 5, "fields": {"img": "images/hulk-vs-loki.jpg", "description": "Hulk vs Loki", "movie": 1}}, {"model": "app.photoactor", "pk": 1, "fields": {"photo": 1, "actor": 1}}, {"model": "app.photoactor", "pk": 2, "fields": {"photo": 1, "actor": 2}}, {"model": "app.photoactor", "pk": 3, "fields": {"photo": 1, "actor": 3}}, {"model": "app.photoactor", "pk": 4, "fields": {"photo": 2, "actor": 4}}, {"model": "app.photoactor", "pk": 5, "fields": {"photo": 3, "actor": 6}}, {"model": "app.photoactor", "pk": 6, "fields": {"photo": 4, "actor": 6}}, {"model": "app.photoactor", "pk": 7, "fields": {"photo": 4, "actor": 7}}, {"model": "app.photoactor", "pk": 8, "fields": {"photo": 5, "actor": 5}}, {"model": "app.photoactor", "pk": 9, "fields": {"photo": 5, "actor": 6}}, {"model": "app.actor", "pk": 1, "fields": {"name": "Robert John Downey Jr.", "portrait": "portraits/maxresdefault.jpg", "birth": "1965-04-04", "bio": "Robert John Downey Jr. urodził się w Greenwich Village, w Nowym Jorku, o godzinie 13:10. Jego przezwisko to Bob. Ma 175 cm wzrostu. Jest synem reżysera, Roberta Downeya Seniora."}}, {"model": "app.actor", "pk": 2, "fields": {"name": "Chris Evans", "portrait": "portraits/Chris_Evans.jpg", "birth": "1981-06-13", "bio": "Brązowowłosy i granatowooki, Christopher Robert Evans, bardziej znany jako Chris Evans, urodził się 13 czerwca 1981 roku w Sudbury w stanie Massachusetts, w rodzinie Irlandczyków włoskiego pochodzenia. Syn dentysty i tancerki, dorastał w Bostonie."}}, {"model": "app.actor", "pk": 3, "fields": {"name": "Chris Hemsworth", "portrait": "portraits/Australian-actor-Chris-Hemsworth-2019_1.jpg", "birth": "1983-08-11", "bio": "Chris Hemsworth urodził się 11 sierpnia 1983 roku i wychował w Melbourne, w Australii. To syn Leony i Craiga Hemsworthów. Po kilku latach przeprowadził się z rodziną do Phillip Island. Uczęszczał do Heathmont Secondary College."}}, {"model": "app.actor", "pk": 4, "fields": {"name": "Scarlett Johansson", "portrait": "portraits/1200px-Scarlett_Johansson_by_Gage_Skidmore_2019.jpg", "birth": "1984-11-22", "bio": "Scarlett Johansson urodziła się 22 listopada 1984 roku w Nowym Jorku (USA). Dorastała wychowywana przez mamę, menadżerkę Melanie Sloan, oraz urodzonego w Danii inżyniera budowlanego, Karstena Johanssona."}}, {"model": "app.actor", "pk": 5, "fields": {"name": "Mark Ruffalo", "portrait": "portraits/Mark_Ruffalo.jpg", "birth": "1967-11-22", "bio": "Jego ojciec był artystą budowniczym, matka stylistką włosów. Rodzice to z pochodzenia włoscy Amerykanie. Przyszedł na świat 22 listopada 1967 roku w miasteczku Kenosha nad jeziorem Michigan, w stanie Wisconsin."}}, {"model": "app.actor", "pk": 6, "fields": {"name": "Tom Hiddleston", "portrait": "portraits/449726.3.jpg", "birth": "1981-02-09", "bio": "Thomas William Hiddleston urodził się 9 lutego 1981 roku w Londynie (Anglia, Wielka Brytania). W wieku 13 lat rozpoczął naukę w prestiżowym Eton College, a następnie uczęszczał do Pembroke College na Uniwersytecie Cambridge."}}, {"model": "app.actor", "pk": 7, "fields": {"name": "Owen Wilson", "portrait": "portraits/0009G2RJF36JBVJ3-C122.jpg", "birth": "1968-11-18", "bio": "\"Wow.\""}}, {"model": "app.cast", "pk": 1, "fields": {"character": "Tony Stark / Iron Man", "actor": 1, "movie": 1}}, {"model": "app.cast", "pk": 2, "fields": {"character": "Steve Rogers / Kapitan Ameryka", "actor": 2, "movie": 1}}, {"model": "app.cast", "pk": 3, "fields": {"character": "Thor", "actor": 3, "movie": 1}}, {"model": "app.cast", "pk": 4, "fields": {"character": "Natasha Romanoff / Czarna Wdowa", "actor": 4, "movie": 1}}, {"model": "app.cast", "pk": 5, "fields": {"character": "Bruce Banner / Hulk", "actor": 5, "movie": 1}}, {"model": "app.cast", "pk": 6, "fields": {"character": "Loki", "actor": 6, "movie": 2}}, {"model": "app.cast", "pk": 7, "fields": {"character": "Mobius", "actor": 7, "movie": 2}}, {"model": "app.cast", "pk": 8, "fields": {"character": "Loki", "actor": 6, "movie": 1}}, {"model": "app.userprofile", "pk": 1, "fields": {"avatar": "avatars/fb1fc258463a3c3c567ee660e40affe6.jpg", "user": 1}}, {"model": "app.userprofile", "pk": 2, "fields": {"avatar": "avatars/1926980.jpg", "user": 2}}, {"model": "app.userprofile", "pk": 3, "fields": {"avatar": "avatars/946a70d1e2ab935b0cb8183420c21a4c.jpg", "user": 3}}, {"model": "app.userprofile", "pk": 4, "fields": {"avatar": "avatars/ES1asUFWkAE1PLw.jpg", "user": 4}}, {"model": "admin.logentry", "pk": 1, "fields": {"action_time": "2021-06-08T10:36:13.252Z", "user": 2, "content_type": 2, "object_id": "1", "object_repr": "Avengers, Joss Whedon (2012)", "action_flag": 1, "change_message": "[{\"added\": {}}]"}}, {"model": "admin.logentry", "pk": 2, "fields": {"action_time": "2021-06-08T10:44:48.382Z", "user": 2, "content_type": 1, "object_id": "1", "object_repr": "Robert John Downey Jr.", "action_flag": 1, "change_message": "[{\"added\": {}}]"}}, {"model": "admin.logentry", "pk": 3, "fields": {"action_time": "2021-06-08T10:45:17.143Z", "user": 2, "content_type": 8, "object_id": "1", "object_repr": "Robert John Downey Jr. jako Tony Stark / Iron Man w Avengers, Joss Whedon (2012)", "action_flag": 1, "change_message": "[{\"added\": {}}]"}}, {"model": "admin.logentry", "pk": 4, "fields": {"action_time": "2021-06-08T10:47:31.749Z", "user": 2, "content_type": 3, "object_id": "1", "object_repr": "Avengers, Stand-off pomiędzy Starkiem, Thorem a Kapitanem", "action_flag": 1, "change_message": "[{\"added\": {}}]"}}, {"model": "admin.logentry", "pk": 5, "fields": {"action_time": "2021-06-08T10:47:38.067Z", "user": 2, "content_type": 6, "object_id": "1", "object_repr": "Robert John Downey Jr., Avengers, Stand-off pomiędzy Starkiem, Thorem a Kapitanem", "action_flag": 1, "change_message": "[{\"added\": {}}]"}}, {"model": "admin.logentry", "pk": 6, "fields": {"action_time": "2021-06-08T10:59:01.544Z", "user": 2, "content_type": 3, "object_id": "1", "object_repr": "Avengers, Stand-off pomiędzy Starkiem, Thorem a Kapitanem", "action_flag": 2, "change_message": "[{\"changed\": {\"fields\": [\"Img\"]}}]"}}, {"model": "admin.logentry", "pk": 7, "fields": {"action_time": "2021-06-08T11:03:06.848Z", "user": 2, "content_type": 1, "object_id": "1", "object_repr": "Robert John Downey Jr.", "action_flag": 2, "change_message": "[{\"changed\": {\"fields\": [\"Portrait\"]}}]"}}, {"model": "admin.logentry", "pk": 8, "fields": {"action_time": "2021-06-08T11:03:34.156Z", "user": 2, "content_type": 1, "object_id": "1", "object_repr": "Robert John Downey Jr.", "action_flag": 2, "change_message": "[{\"changed\": {\"fields\": [\"Portrait\"]}}]"}}, {"model": "admin.logentry", "pk": 9, "fields": {"action_time": "2021-06-08T11:06:43.192Z", "user": 2, "content_type": 1, "object_id": "2", "object_repr": "Chris Evans", "action_flag": 1, "change_message": "[{\"added\": {}}]"}}, {"model": "admin.logentry", "pk": 10, "fields": {"action_time": "2021-06-08T11:07:28.007Z", "user": 2, "content_type": 8, "object_id": "2", "object_repr": "Chris Evans jako Steve Rogers / Kapitan Ameryka w Avengers, Joss Whedon (2012)", "action_flag": 1, "change_message": "[{\"added\": {}}]"}}, {"model": "admin.logentry", "pk": 11, "fields": {"action_time": "2021-06-08T11:08:08.674Z", "user": 2, "content_type": 1, "object_id": "2", "object_repr": "Chris Evans", "action_flag": 2, "change_message": "[{\"changed\": {\"fields\": [\"Portrait\"]}}]"}}, {"model": "admin.logentry", "pk": 12, "fields": {"action_time": "2021-06-08T11:08:34.265Z", "user": 2, "content_type": 6, "object_id": "2", "object_repr": "Chris Evans, Avengers, Stand-off pomiędzy Starkiem, Thorem a Kapitanem", "action_flag": 1, "change_message": "[{\"added\": {}}]"}}, {"model": "admin.logentry", "pk": 13, "fields": {"action_time": "2021-06-08T11:10:58.809Z", "user": 2, "content_type": 1, "object_id": "3", "object_repr": "Chris Hemsworth", "action_flag": 1, "change_message": "[{\"added\": {}}]"}}, {"model": "admin.logentry", "pk": 14, "fields": {"action_time": "2021-06-08T11:11:20.431Z", "user": 2, "content_type": 8, "object_id": "3", "object_repr": "Chris Hemsworth jako Thor w Avengers, Joss Whedon (2012)", "action_flag": 1, "change_message": "[{\"added\": {}}]"}}, {"model": "admin.logentry", "pk": 15, "fields": {"action_time": "2021-06-08T11:11:27.253Z", "user": 2, "content_type": 6, "object_id": "3", "object_repr": "Chris Hemsworth, Avengers, Stand-off pomiędzy Starkiem, Thorem a Kapitanem", "action_flag": 1, "change_message": "[{\"added\": {}}]"}}, {"model": "admin.logentry", "pk": 16, "fields": {"action_time": "2021-06-08T11:13:17.352Z", "user": 2, "content_type": 1, "object_id": "4", "object_repr": "Scarlett Johansson", "action_flag": 1, "change_message": "[{\"added\": {}}]"}}, {"model": "admin.logentry", "pk": 17, "fields": {"action_time": "2021-06-08T11:13:41.801Z", "user": 2, "content_type": 8, "object_id": "4", "object_repr": "Scarlett Johansson jako Natasha Romanoff / Czarna Wdowa w Avengers, Joss Whedon (2012)", "action_flag": 1, "change_message": "[{\"added\": {}}]"}}, {"model": "admin.logentry", "pk": 18, "fields": {"action_time": "2021-06-08T11:14:49.789Z", "user": 2, "content_type": 3, "object_id": "2", "object_repr": "Avengers, Black Widow na przesłuchaniu", "action_flag": 1, "change_message": "[{\"added\": {}}]"}}, {"model": "admin.logentry", "pk": 19, "fields": {"action_time": "2021-06-08T11:15:02.121Z", "user": 2, "content_type": 6, "object_id": "4", "object_repr": "Scarlett Johansson, Avengers, Black Widow na przesłuchaniu", "action_flag": 1, "change_message": "[{\"added\": {}}]"}}, {"model": "admin.logentry", "pk": 20, "fields": {"action_time": "2021-06-08T11:16:36.338Z", "user": 2, "content_type": 3, "object_id": "2", "object_repr": "Avengers, Black Widow podczas bitwy o Nowy Jork", "action_flag": 2, "change_message": "[{\"changed\": {\"fields\": [\"Img\", \"Description\"]}}]"}}, {"model": "admin.logentry", "pk": 21, "fields": {"action_time": "2021-06-08T11:18:29.591Z", "user": 2, "content_type": 1, "object_id": "5", "object_repr": "Mark Ruffalo", "action_flag": 1, "change_message": "[{\"added\": {}}]"}}, {"model": "admin.logentry", "pk": 22, "fields": {"action_time": "2021-06-08T11:18:48.624Z", "user": 2, "content_type": 8, "object_id": "5", "object_repr": "Mark Ruffalo jako Bruce Banner / Hulk w Avengers, Joss Whedon (2012)", "action_flag": 1, "change_message": "[{\"added\": {}}]"}}, {"model": "admin.logentry", "pk": 23, "fields": {"action_time": "2021-06-08T11:43:06.356Z", "user": 1, "content_type": 7, "object_id": "3", "object_repr": "opinia nowy_uzytkownik o Avengers, Joss Whedon (2012)", "action_flag": 2, "change_message": "[{\"changed\": {\"fields\": [\"Movie\"]}}]"}}, {"model": "admin.logentry", "pk": 24, "fields": {"action_time": "2021-06-08T11:43:11.653Z", "user": 1, "content_type": 7, "object_id": "2", "object_repr": "opinia _user o Avengers, Joss Whedon (2012)", "action_flag": 2, "change_message": "[{\"changed\": {\"fields\": [\"Movie\"]}}]"}}, {"model": "admin.logentry", "pk": 25, "fields": {"action_time": "2021-06-08T11:43:16.766Z", "user": 1, "content_type": 7, "object_id": "1", "object_repr": "opinia _mod o Avengers, Joss Whedon (2012)", "action_flag": 2, "change_message": "[{\"changed\": {\"fields\": [\"Movie\"]}}]"}}, {"model": "admin.logentry", "pk": 26, "fields": {"action_time": "2021-06-08T11:43:43.539Z", "user": 1, "content_type": 7, "object_id": "3", "object_repr": "opinia nowy_uzytkownik o Avengers, Joss Whedon (2012)", "action_flag": 2, "change_message": "[{\"changed\": {\"fields\": [\"Movie\"]}}]"}}, {"model": "admin.logentry", "pk": 27, "fields": {"action_time": "2021-06-08T11:43:49.877Z", "user": 1, "content_type": 7, "object_id": "1", "object_repr": "opinia _mod o Avengers, Joss Whedon (2012)", "action_flag": 2, "change_message": "[{\"changed\": {\"fields\": [\"Movie\"]}}]"}}, {"model": "admin.logentry", "pk": 28, "fields": {"action_time": "2021-06-08T11:47:36.318Z", "user": 1, "content_type": 7, "object_id": "4", "object_repr": "opinia _admin o Avengers, Joss Whedon (2012)", "action_flag": 3, "change_message": ""}}, {"model": "admin.logentry", "pk": 29, "fields": {"action_time": "2021-06-08T11:53:21.865Z", "user": 1, "content_type": 7, "object_id": "1", "object_repr": "opinia _mod o Avengers, Joss Whedon (2012)", "action_flag": 2, "change_message": "[{\"changed\": {\"fields\": [\"Movie\"]}}]"}}, {"model": "admin.logentry", "pk": 30, "fields": {"action_time": "2021-06-08T11:53:30.261Z", "user": 1, "content_type": 7, "object_id": "2", "object_repr": "opinia _user o Avengers, Joss Whedon (2012)", "action_flag": 2, "change_message": "[{\"changed\": {\"fields\": [\"Movie\"]}}]"}}, {"model": "admin.logentry", "pk": 31, "fields": {"action_time": "2021-06-08T11:53:38.261Z", "user": 1, "content_type": 7, "object_id": "3", "object_repr": "opinia nowy_uzytkownik o Avengers, Joss Whedon (2012)", "action_flag": 2, "change_message": "[{\"changed\": {\"fields\": [\"Movie\"]}}]"}}, {"model": "admin.logentry", "pk": 32, "fields": {"action_time": "2021-06-08T11:53:42.494Z", "user": 1, "content_type": 7, "object_id": "5", "object_repr": "opinia _admin o Avengers, Joss Whedon (2012)", "action_flag": 2, "change_message": "[{\"changed\": {\"fields\": [\"Movie\"]}}]"}}, {"model": "admin.logentry", "pk": 33, "fields": {"action_time": "2021-06-08T11:53:47.261Z", "user": 1, "content_type": 7, "object_id": "6", "object_repr": "opinia _admin o Avengers, Joss Whedon (2012)", "action_flag": 2, "change_message": "[{\"changed\": {\"fields\": [\"Movie\"]}}]"}}, {"model": "admin.logentry", "pk": 34, "fields": {"action_time": "2021-06-08T11:54:00.185Z", "user": 1, "content_type": 7, "object_id": "5", "object_repr": "opinia _admin o Avengers, Joss Whedon (2012)", "action_flag": 3, "change_message": ""}}, {"model": "admin.logentry", "pk": 35, "fields": {"action_time": "2021-06-08T11:56:26.749Z", "user": 1, "content_type": 7, "object_id": "6", "object_repr": "opinia _admin o Avengers, Joss Whedon (2012)", "action_flag": 2, "change_message": "[{\"changed\": {\"fields\": [\"Movie\"]}}]"}}, {"model": "admin.logentry", "pk": 36, "fields": {"action_time": "2021-06-08T11:58:03.390Z", "user": 1, "content_type": 7, "object_id": "6", "object_repr": "opinia _admin o None", "action_flag": 3, "change_message": ""}}, {"model": "admin.logentry", "pk": 37, "fields": {"action_time": "2021-06-08T11:58:07.751Z", "user": 1, "content_type": 7, "object_id": "3", "object_repr": "opinia nowy_uzytkownik o Avengers, Joss Whedon (2012)", "action_flag": 2, "change_message": "[{\"changed\": {\"fields\": [\"Movie\"]}}]"}}, {"model": "admin.logentry", "pk": 38, "fields": {"action_time": "2021-06-08T11:58:13.910Z", "user": 1, "content_type": 7, "object_id": "2", "object_repr": "opinia _user o Avengers, Joss Whedon (2012)", "action_flag": 2, "change_message": "[{\"changed\": {\"fields\": [\"Movie\"]}}]"}}, {"model": "admin.logentry", "pk": 39, "fields": {"action_time": "2021-06-08T11:58:17.978Z", "user": 1, "content_type": 7, "object_id": "1", "object_repr": "opinia _mod o Avengers, Joss Whedon (2012)", "action_flag": 2, "change_message": "[{\"changed\": {\"fields\": [\"Movie\"]}}]"}}, {"model": "admin.logentry", "pk": 40, "fields": {"action_time": "2021-06-08T12:00:16.154Z", "user": 1, "content_type": 7, "object_id": "1", "object_repr": "opinia _mod o Avengers, Joss Whedon (2012)", "action_flag": 2, "change_message": "[{\"changed\": {\"fields\": [\"Movie\"]}}]"}}, {"model": "admin.logentry", "pk": 41, "fields": {"action_time": "2021-06-08T12:00:51.045Z", "user": 1, "content_type": 7, "object_id": "2", "object_repr": "opinia _user o Avengers, Joss Whedon (2012)", "action_flag": 2, "change_message": "[{\"changed\": {\"fields\": [\"Movie\"]}}]"}}, {"model": "admin.logentry", "pk": 42, "fields": {"action_time": "2021-06-08T12:00:57.734Z", "user": 1, "content_type": 7, "object_id": "3", "object_repr": "opinia nowy_uzytkownik o Avengers, Joss Whedon (2012)", "action_flag": 2, "change_message": "[{\"changed\": {\"fields\": [\"Movie\"]}}]"}}, {"model": "admin.logentry", "pk": 43, "fields": {"action_time": "2021-06-08T12:01:03.102Z", "user": 1, "content_type": 7, "object_id": "7", "object_repr": "opinia _admin o Avengers, Joss Whedon (2012)", "action_flag": 2, "change_message": "[{\"changed\": {\"fields\": [\"Movie\"]}}]"}}, {"model": "admin.logentry", "pk": 44, "fields": {"action_time": "2021-06-08T12:03:44.216Z", "user": 1, "content_type": 7, "object_id": "7", "object_repr": "opinia _admin o Avengers, Joss Whedon (2012)", "action_flag": 2, "change_message": "[{\"changed\": {\"fields\": [\"Movie\"]}}]"}}, {"model": "admin.logentry", "pk": 45, "fields": {"action_time": "2021-06-08T12:03:44.658Z", "user": 1, "content_type": 7, "object_id": "7", "object_repr": "opinia _admin o Avengers, Joss Whedon (2012)", "action_flag": 2, "change_message": "[]"}}, {"model": "admin.logentry", "pk": 46, "fields": {"action_time": "2021-06-08T12:03:50.004Z", "user": 1, "content_type": 7, "object_id": "3", "object_repr": "opinia nowy_uzytkownik o Avengers, Joss Whedon (2012)", "action_flag": 2, "change_message": "[{\"changed\": {\"fields\": [\"Movie\"]}}]"}}, {"model": "admin.logentry", "pk": 47, "fields": {"action_time": "2021-06-08T12:03:54.220Z", "user": 1, "content_type": 7, "object_id": "1", "object_repr": "opinia _mod o Avengers, Joss Whedon (2012)", "action_flag": 2, "change_message": "[{\"changed\": {\"fields\": [\"Movie\"]}}]"}}, {"model": "admin.logentry", "pk": 48, "fields": {"action_time": "2021-06-08T12:05:59.753Z", "user": 1, "content_type": 7, "object_id": "1", "object_repr": "opinia _mod o Avengers, Joss Whedon (2012)", "action_flag": 2, "change_message": "[{\"changed\": {\"fields\": [\"Movie\"]}}]"}}, {"model": "admin.logentry", "pk": 49, "fields": {"action_time": "2021-06-08T12:06:00.322Z", "user": 1, "content_type": 7, "object_id": "1", "object_repr": "opinia _mod o Avengers, Joss Whedon (2012)", "action_flag": 2, "change_message": "[]"}}, {"model": "admin.logentry", "pk": 50, "fields": {"action_time": "2021-06-08T12:07:17.949Z", "user": 1, "content_type": 7, "object_id": "8", "object_repr": "opinia _admin o None", "action_flag": 3, "change_message": ""}}, {"model": "admin.logentry", "pk": 51, "fields": {"action_time": "2021-06-08T12:07:18.308Z", "user": 1, "content_type": 7, "object_id": "7", "object_repr": "opinia _admin o None", "action_flag": 3, "change_message": ""}}, {"model": "admin.logentry", "pk": 52, "fields": {"action_time": "2021-06-08T12:11:18.779Z", "user": 1, "content_type": 7, "object_id": "9", "object_repr": "opinia _admin o Avengers, Joss Whedon (2012)", "action_flag": 2, "change_message": "[{\"changed\": {\"fields\": [\"Movie\"]}}]"}}, {"model": "admin.logentry", "pk": 53, "fields": {"action_time": "2021-06-08T12:13:54.654Z", "user": 1, "content_type": 7, "object_id": "9", "object_repr": "opinia _admin o Avengers, Joss Whedon (2012)", "action_flag": 2, "change_message": "[{\"changed\": {\"fields\": [\"Movie\"]}}]"}}, {"model": "admin.logentry", "pk": 54, "fields": {"action_time": "2021-06-08T12:25:51.313Z", "user": 1, "content_type": 7, "object_id": "2", "object_repr": "opinia _user o Avengers, Joss Whedon (2012)", "action_flag": 2, "change_message": "[{\"changed\": {\"fields\": [\"Movie\"]}}]"}}, {"model": "admin.logentry", "pk": 55, "fields": {"action_time": "2021-06-08T12:25:56.267Z", "user": 1, "content_type": 7, "object_id": "3", "object_repr": "opinia nowy_uzytkownik o Avengers, Joss Whedon (2012)", "action_flag": 2, "change_message": "[{\"changed\": {\"fields\": [\"Movie\"]}}]"}}, {"model": "admin.logentry", "pk": 56, "fields": {"action_time": "2021-06-08T12:38:34.134Z", "user": 1, "content_type": 7, "object_id": "2", "object_repr": "opinia _user o Avengers, Joss Whedon (2012)", "action_flag": 2, "change_message": "[{\"changed\": {\"fields\": [\"Movie\"]}}]"}}, {"model": "admin.logentry", "pk": 57, "fields": {"action_time": "2021-06-08T12:40:37.167Z", "user": 1, "content_type": 7, "object_id": "2", "object_repr": "opinia _user o Avengers, Joss Whedon (2012)", "action_flag": 2, "change_message": "[{\"changed\": {\"fields\": [\"Movie\"]}}]"}}, {"model": "admin.logentry", "pk": 58, "fields": {"action_time": "2021-06-08T12:43:44.812Z", "user": 1, "content_type": 7, "object_id": "3", "object_repr": "opinia nowy_uzytkownik o Avengers, Joss Whedon (2012)", "action_flag": 2, "change_message": "[{\"changed\": {\"fields\": [\"Movie\"]}}]"}}, {"model": "admin.logentry", "pk": 59, "fields": {"action_time": "2021-06-08T12:43:56.171Z", "user": 1, "content_type": 7, "object_id": "1", "object_repr": "opinia _mod o Avengers, Joss Whedon (2012)", "action_flag": 2, "change_message": "[{\"changed\": {\"fields\": [\"Movie\"]}}]"}}, {"model": "admin.logentry", "pk": 60, "fields": {"action_time": "2021-06-08T12:53:47.927Z", "user": 1, "content_type": 2, "object_id": "1", "object_repr": "Avengers, Joss Whedon (2012)", "action_flag": 2, "change_message": "[{\"changed\": {\"fields\": [\"Keywords\"]}}]"}}, {"model": "admin.logentry", "pk": 61, "fields": {"action_time": "2021-06-08T12:53:50.918Z", "user": 1, "content_type": 2, "object_id": "1", "object_repr": "Avengers, Joss Whedon (2012)", "action_flag": 2, "change_message": "[]"}}, {"model": "admin.logentry", "pk": 62, "fields": {"action_time": "2021-06-08T12:54:58.224Z", "user": 1, "content_type": 2, "object_id": "2", "object_repr": "Loki, Kate Herron (2021)", "action_flag": 1, "change_message": "[{\"added\": {}}]"}}, {"model": "admin.logentry", "pk": 63, "fields": {"action_time": "2021-06-08T12:59:23.403Z", "user": 1, "content_type": 7, "object_id": "9", "object_repr": "opinia _admin o Avengers, Joss Whedon (2012)", "action_flag": 2, "change_message": "[{\"changed\": {\"fields\": [\"Movie\"]}}]"}}, {"model": "admin.logentry", "pk": 64, "fields": {"action_time": "2021-06-08T12:59:29.329Z", "user": 1, "content_type": 7, "object_id": "3", "object_repr": "opinia nowy_uzytkownik o Avengers, Joss Whedon (2012)", "action_flag": 2, "change_message": "[{\"changed\": {\"fields\": [\"Movie\"]}}]"}}, {"model": "admin.logentry", "pk": 65, "fields": {"action_time": "2021-06-08T12:59:35.628Z", "user": 1, "content_type": 7, "object_id": "2", "object_repr": "opinia _user o Avengers, Joss Whedon (2012)", "action_flag": 2, "change_message": "[{\"changed\": {\"fields\": [\"Movie\"]}}]"}}, {"model": "admin.logentry", "pk": 66, "fields": {"action_time": "2021-06-08T13:05:50.193Z", "user": 1, "content_type": 3, "object_id": "3", "object_repr": "Loki, Loki prezydent", "action_flag": 1, "change_message": "[{\"added\": {}}]"}}, {"model": "admin.logentry", "pk": 67, "fields": {"action_time": "2021-06-08T13:06:18.332Z", "user": 1, "content_type": 3, "object_id": "3", "object_repr": "Loki, Loki prezydent", "action_flag": 2, "change_message": "[]"}}, {"model": "admin.logentry", "pk": 68, "fields": {"action_time": "2021-06-08T13:06:31.955Z", "user": 1, "content_type": 3, "object_id": "4", "object_repr": "Loki, Loki i Mobius", "action_flag": 1, "change_message": "[{\"added\": {}}]"}}, {"model": "admin.logentry", "pk": 69, "fields": {"action_time": "2021-06-08T13:08:39.058Z", "user": 1, "content_type": 3, "object_id": "3", "object_repr": "Loki, Loki prezydent", "action_flag": 2, "change_message": "[{\"changed\": {\"fields\": [\"Img\"]}}]"}}, {"model": "admin.logentry", "pk": 70, "fields": {"action_time": "2021-06-08T13:13:16.868Z", "user": 1, "content_type": 1, "object_id": "6", "object_repr": "Tom Hiddleston", "action_flag": 1, "change_message": "[{\"added\": {}}]"}}, {"model": "admin.logentry", "pk": 71, "fields": {"action_time": "2021-06-08T13:13:18.688Z", "user": 1, "content_type": 1, "object_id": "6", "object_repr": "Tom Hiddleston", "action_flag": 2, "change_message": "[]"}}, {"model": "admin.logentry", "pk": 72, "fields": {"action_time": "2021-06-08T13:13:56.499Z", "user": 1, "content_type": 1, "object_id": "7", "object_repr": "Owen Wilson", "action_flag": 1, "change_message": "[{\"added\": {}}]"}}, {"model": "admin.logentry", "pk": 73, "fields": {"action_time": "2021-06-08T13:14:09.882Z", "user": 1, "content_type": 6, "object_id": "5", "object_repr": "Tom Hiddleston, Loki, Loki prezydent", "action_flag": 1, "change_message": "[{\"added\": {}}]"}}, {"model": "admin.logentry", "pk": 74, "fields": {"action_time": "2021-06-08T13:14:17.342Z", "user": 1, "content_type": 6, "object_id": "6", "object_repr": "Tom Hiddleston, Loki, Loki i Mobius", "action_flag": 1, "change_message": "[{\"added\": {}}]"}}, {"model": "admin.logentry", "pk": 75, "fields": {"action_time": "2021-06-08T13:14:21.578Z", "user": 1, "content_type": 6, "object_id": "7", "object_repr": "Owen Wilson, Loki, Loki i Mobius", "action_flag": 1, "change_message": "[{\"added\": {}}]"}}, {"model": "admin.logentry", "pk": 76, "fields": {"action_time": "2021-06-08T13:14:34.999Z", "user": 1, "content_type": 8, "object_id": "6", "object_repr": "Tom Hiddleston jako Loki w Loki, Kate Herron (2021)", "action_flag": 1, "change_message": "[{\"added\": {}}]"}}, {"model": "admin.logentry", "pk": 77, "fields": {"action_time": "2021-06-08T13:14:44.717Z", "user": 1, "content_type": 8, "object_id": "7", "object_repr": "Owen Wilson jako Mobius w Loki, Kate Herron (2021)", "action_flag": 1, "change_message": "[{\"added\": {}}]"}}, {"model": "admin.logentry", "pk": 78, "fields": {"action_time": "2021-06-08T13:17:43.483Z", "user": 1, "content_type": 3, "object_id": "5", "object_repr": "Avengers, Hulk w bitwie o Nowy Jork", "action_flag": 1, "change_message": "[{\"added\": {}}]"}}, {"model": "admin.logentry", "pk": 79, "fields": {"action_time": "2021-06-08T13:17:53.358Z", "user": 1, "content_type": 6, "object_id": "8", "object_repr": "Mark Ruffalo, Avengers, Hulk w bitwie o Nowy Jork", "action_flag": 1, "change_message": "[{\"added\": {}}]"}}, {"model": "admin.logentry", "pk": 80, "fields": {"action_time": "2021-06-08T13:20:00.812Z", "user": 1, "content_type": 3, "object_id": "5", "object_repr": "Avengers, Hulk vs Loki", "action_flag": 2, "change_message": "[{\"changed\": {\"fields\": [\"Img\", \"Description\"]}}]"}}, {"model": "admin.logentry", "pk": 81, "fields": {"action_time": "2021-06-08T13:20:13.700Z", "user": 1, "content_type": 6, "object_id": "9", "object_repr": "Tom Hiddleston, Avengers, Hulk vs Loki", "action_flag": 1, "change_message": "[{\"added\": {}}]"}}, {"model": "admin.logentry", "pk": 82, "fields": {"action_time": "2021-06-08T13:20:33.161Z", "user": 1, "content_type": 8, "object_id": "8", "object_repr": "Tom Hiddleston jako Loki w Avengers, Joss Whedon (2012)", "action_flag": 1, "change_message": "[{\"added\": {}}]"}}, {"model": "auth.permission", "pk": 1, "fields": {"name": "Can add actor", "content_type": 1, "codename": "add_actor"}}, {"model": "auth.permission", "pk": 2, "fields": {"name": "Can change actor", "content_type": 1, "codename": "change_actor"}}, {"model": "auth.permission", "pk": 3, "fields": {"name": "Can delete actor", "content_type": 1, "codename": "delete_actor"}}, {"model": "auth.permission", "pk": 4, "fields": {"name": "Can view actor", "content_type": 1, "codename": "view_actor"}}, {"model": "auth.permission", "pk": 5, "fields": {"name": "Can add movie", "content_type": 2, "codename": "add_movie"}}, {"model": "auth.permission", "pk": 6, "fields": {"name": "Can change movie", "content_type": 2, "codename": "change_movie"}}, {"model": "auth.permission", "pk": 7, "fields": {"name": "Can delete movie", "content_type": 2, "codename": "delete_movie"}}, {"model": "auth.permission", "pk": 8, "fields": {"name": "Can view movie", "content_type": 2, "codename": "view_movie"}}, {"model": "auth.permission", "pk": 9, "fields": {"name": "Can add photo", "content_type": 3, "codename": "add_photo"}}, {"model": "auth.permission", "pk": 10, "fields": {"name": "Can change photo", "content_type": 3, "codename": "change_photo"}}, {"model": "auth.permission", "pk": 11, "fields": {"name": "Can delete photo", "content_type": 3, "codename": "delete_photo"}}, {"model": "auth.permission", "pk": 12, "fields": {"name": "Can view photo", "content_type": 3, "codename": "view_photo"}}, {"model": "auth.permission", "pk": 13, "fields": {"name": "Can add user profile", "content_type": 4, "codename": "add_userprofile"}}, {"model": "auth.permission", "pk": 14, "fields": {"name": "Can change user profile", "content_type": 4, "codename": "change_userprofile"}}, {"model": "auth.permission", "pk": 15, "fields": {"name": "Can delete user profile", "content_type": 4, "codename": "delete_userprofile"}}, {"model": "auth.permission", "pk": 16, "fields": {"name": "Can view user profile", "content_type": 4, "codename": "view_userprofile"}}, {"model": "auth.permission", "pk": 17, "fields": {"name": "Can add post", "content_type": 5, "codename": "add_post"}}, {"model": "auth.permission", "pk": 18, "fields": {"name": "Can change post", "content_type": 5, "codename": "change_post"}}, {"model": "auth.permission", "pk": 19, "fields": {"name": "Can delete post", "content_type": 5, "codename": "delete_post"}}, {"model": "auth.permission", "pk": 20, "fields": {"name": "Can view post", "content_type": 5, "codename": "view_post"}}, {"model": "auth.permission", "pk": 21, "fields": {"name": "Can add photo actor", "content_type": 6, "codename": "add_photoactor"}}, {"model": "auth.permission", "pk": 22, "fields": {"name": "Can change photo actor", "content_type": 6, "codename": "change_photoactor"}}, {"model": "auth.permission", "pk": 23, "fields": {"name": "Can delete photo actor", "content_type": 6, "codename": "delete_photoactor"}}, {"model": "auth.permission", "pk": 24, "fields": {"name": "Can view photo actor", "content_type": 6, "codename": "view_photoactor"}}, {"model": "auth.permission", "pk": 25, "fields": {"name": "Can add opinion", "content_type": 7, "codename": "add_opinion"}}, {"model": "auth.permission", "pk": 26, "fields": {"name": "Can change opinion", "content_type": 7, "codename": "change_opinion"}}, {"model": "auth.permission", "pk": 27, "fields": {"name": "Can delete opinion", "content_type": 7, "codename": "delete_opinion"}}, {"model": "auth.permission", "pk": 28, "fields": {"name": "Can view opinion", "content_type": 7, "codename": "view_opinion"}}, {"model": "auth.permission", "pk": 29, "fields": {"name": "Can add cast", "content_type": 8, "codename": "add_cast"}}, {"model": "auth.permission", "pk": 30, "fields": {"name": "Can change cast", "content_type": 8, "codename": "change_cast"}}, {"model": "auth.permission", "pk": 31, "fields": {"name": "Can delete cast", "content_type": 8, "codename": "delete_cast"}}, {"model": "auth.permission", "pk": 32, "fields": {"name": "Can view cast", "content_type": 8, "codename": "view_cast"}}, {"model": "auth.permission", "pk": 33, "fields": {"name": "Can add log entry", "content_type": 9, "codename": "add_logentry"}}, {"model": "auth.permission", "pk": 34, "fields": {"name": "Can change log entry", "content_type": 9, "codename": "change_logentry"}}, {"model": "auth.permission", "pk": 35, "fields": {"name": "Can delete log entry", "content_type": 9, "codename": "delete_logentry"}}, {"model": "auth.permission", "pk": 36, "fields": {"name": "Can view log entry", "content_type": 9, "codename": "view_logentry"}}, {"model": "auth.permission", "pk": 37, "fields": {"name": "Can add permission", "content_type": 10, "codename": "add_permission"}}, {"model": "auth.permission", "pk": 38, "fields": {"name": "Can change permission", "content_type": 10, "codename": "change_permission"}}, {"model": "auth.permission", "pk": 39, "fields": {"name": "Can delete permission", "content_type": 10, "codename": "delete_permission"}}, {"model": "auth.permission", "pk": 40, "fields": {"name": "Can view permission", "content_type": 10, "codename": "view_permission"}}, {"model": "auth.permission", "pk": 41, "fields": {"name": "Can add group", "content_type": 11, "codename": "add_group"}}, {"model": "auth.permission", "pk": 42, "fields": {"name": "Can change group", "content_type": 11, "codename": "change_group"}}, {"model": "auth.permission", "pk": 43, "fields": {"name": "Can delete group", "content_type": 11, "codename": "delete_group"}}, {"model": "auth.permission", "pk": 44, "fields": {"name": "Can view group", "content_type": 11, "codename": "view_group"}}, {"model": "auth.permission", "pk": 45, "fields": {"name": "Can add user", "content_type": 12, "codename": "add_user"}}, {"model": "auth.permission", "pk": 46, "fields": {"name": "Can change user", "content_type": 12, "codename": "change_user"}}, {"model": "auth.permission", "pk": 47, "fields": {"name": "Can delete user", "content_type": 12, "codename": "delete_user"}}, {"model": "auth.permission", "pk": 48, "fields": {"name": "Can view user", "content_type": 12, "codename": "view_user"}}, {"model": "auth.permission", "pk": 49, "fields": {"name": "Can add content type", "content_type": 13, "codename": "add_contenttype"}}, {"model": "auth.permission", "pk": 50, "fields": {"name": "Can change content type", "content_type": 13, "codename": "change_contenttype"}}, {"model": "auth.permission", "pk": 51, "fields": {"name": "Can delete content type", "content_type": 13, "codename": "delete_contenttype"}}, {"model": "auth.permission", "pk": 52, "fields": {"name": "Can view content type", "content_type": 13, "codename": "view_contenttype"}}, {"model": "auth.permission", "pk": 53, "fields": {"name": "Can add session", "content_type": 14, "codename": "add_session"}}, {"model": "auth.permission", "pk": 54, "fields": {"name": "Can change session", "content_type": 14, "codename": "change_session"}}, {"model": "auth.permission", "pk": 55, "fields": {"name": "Can delete session", "content_type": 14, "codename": "delete_session"}}, {"model": "auth.permission", "pk": 56, "fields": {"name": "Can view session", "content_type": 14, "codename": "view_session"}}, {"model": "auth.group", "pk": 1, "fields": {"name": "Moderator", "permissions": [1, 2, 3, 4, 29, 30, 31, 32, 5, 6, 7, 8, 9, 10, 11, 12, 21, 22, 23, 24]}}, {"model": "auth.user", "pk": 1, "fields": {"password": "pbkdf2_sha256$260000$FVZUBFuuBAe8KxWTOKI5b2$IlCykrsM2PggtotwEeY2Ct40ErTXXLGSpoyXUGOMsJs=", "last_login": "2021-06-08T12:57:06.216Z", "is_superuser": true, "username": "_admin", "first_name": "Admin", "last_name": "Adminowski", "email": "admin@example.com", "is_staff": true, "is_active": true, "date_joined": "2021-06-08T09:08:53.556Z", "groups": [], "user_permissions": []}}, {"model": "auth.user", "pk": 2, "fields": {"password": "pbkdf2_sha256$260000$hYmwv7l2gYj3kGVxNklruJ$99CE9Df9HLAFgZ4beP8p53TwsIfHbZuyzzQAe7XFvzo=", "last_login": "2021-06-08T10:22:06.083Z", "is_superuser": false, "username": "_mod", "first_name": "Moderator", "last_name": "Moderatorowy", "email": "mod@example.com", "is_staff": true, "is_active": true, "date_joined": "2021-06-08T09:08:56.332Z", "groups": [1], "user_permissions": []}}, {"model": "auth.user", "pk": 3, "fields": {"password": "pbkdf2_sha256$260000$5UIlDumTVwBHilIsasH7XK$aZJx0raD5A9oTcpSIB10qh9B9XEAkXEZD6et1pBfzDY=", "last_login": "2021-06-08T11:22:33.367Z", "is_superuser": false, "username": "_user", "first_name": "User", "last_name": "Userowy", "email": "user@example.com", "is_staff": false, "is_active": true, "date_joined": "2021-06-08T09:09:05.488Z", "groups": [], "user_permissions": []}}, {"model": "auth.user", "pk": 4, "fields": {"password": "pbkdf2_sha256$260000$ETug6gDAcULkWItr2qbyDt$moFxaCrzXZfdlLBSdDLWmdOHscsV5PzIwrIQ39YZv/M=", "last_login": "2021-06-08T12:55:37.171Z", "is_superuser": false, "username": "nowy_uzytkownik", "first_name": "Nowa", "last_name": "Nowalska", "email": "nowy@example.com", "is_staff": false, "is_active": true, "date_joined": "2021-06-08T11:23:44.666Z", "groups": [], "user_permissions": []}}, {"model": "contenttypes.contenttype", "pk": 1, "fields": {"app_label": "app", "model": "actor"}}, {"model": "contenttypes.contenttype", "pk": 2, "fields": {"app_label": "app", "model": "movie"}}, {"model": "contenttypes.contenttype", "pk": 3, "fields": {"app_label": "app", "model": "photo"}}, {"model": "contenttypes.contenttype", "pk": 4, "fields": {"app_label": "app", "model": "userprofile"}}, {"model": "contenttypes.contenttype", "pk": 5, "fields": {"app_label": "app", "model": "post"}}, {"model": "contenttypes.contenttype", "pk": 6, "fields": {"app_label": "app", "model": "photoactor"}}, {"model": "contenttypes.contenttype", "pk": 7, "fields": {"app_label": "app", "model": "opinion"}}, {"model": "contenttypes.contenttype", "pk": 8, "fields": {"app_label": "app", "model": "cast"}}, {"model": "contenttypes.contenttype", "pk": 9, "fields": {"app_label": "admin", "model": "logentry"}}, {"model": "contenttypes.contenttype", "pk": 10, "fields": {"app_label": "auth", "model": "permission"}}, {"model": "contenttypes.contenttype", "pk": 11, "fields": {"app_label": "auth", "model": "group"}}, {"model": "contenttypes.contenttype", "pk": 12, "fields": {"app_label": "auth", "model": "user"}}, {"model": "contenttypes.contenttype", "pk": 13, "fields": {"app_label": "contenttypes", "model": "contenttype"}}, {"model": "contenttypes.contenttype", "pk": 14, "fields": {"app_label": "sessions", "model": "session"}}, {"model": "sessions.session", "pk": "4r2kp4dvin0cizizvbcrfgy4t5sk77gm", "fields": {"session_data": ".eJxVjEEOwiAQRe_C2pDSMiAu3fcMzQwzStVAUtqV8e7SpAvd_vfef6sJtzVNW5VlmlldlFGn340wPiXvgB-Y70XHktdlJr0r-qBVj4XldT3cv4OENbX6jCzkh-A5grHUe4eeicGxDT01YiyIAwNCgTsGQZEmoOPhZkPo1OcL-vE4nw:1lqbEj:LtZVe5rWO2gNRecSP5JjdIWmtZpWlue6WVeOUwwTbls", "expire_date": "2021-06-22T12:53:41.218Z"}}, {"model": "sessions.session", "pk": "ullvs29ea9oevqeza199waui41zlxgnh", "fields": {"session_data": ".eJxVjEEOwiAQRe_C2pDSMiAu3fcMzQwzStVAUtqV8e7SpAvd_vfef6sJtzVNW5VlmlldlFGn340wPiXvgB-Y70XHktdlJr0r-qBVj4XldT3cv4OENbX6jCzkh-A5grHUe4eeicGxDT01YiyIAwNCgTsGQZEmoOPhZkPo1OcL-vE4nw:1lqbI2:InI70tdlpGmzmebEEMekumjYbXQf4wnB-PJmI06Pn3I", "expire_date": "2021-06-22T12:57:06.383Z"}}]